{
  "merge_info": {
    "total_files_processed": 14,
    "successful_files": 14,
    "total_rows": 786444,
    "unique_categories": 14,
    "unique_measures": 3,
    "unique_param_combinations": 18
  },
  "dataset_metadata": {
    "capital_common_countries_results": {
      "filename": "capital_common_countries_results.csv",
      "rows": 30360,
      "categories": [
        "capital-common-countries"
      ],
      "measures": [
        "naive_cosine",
        "mahalanobis_cosine",
        "mahalanobis_shifted_cosine"
      ],
      "quantiles": [
        0.01,
        0.05,
        0.1,
        0.25,
        0.5
      ],
      "rcond_values": [
        0.0516864017866611,
        0.0569051824523583,
        0.0605962450895845,
        0.0686540719955395,
        0.0826811995261216
      ],
      "top_k_values": [
        1,
        3,
        5,
        10
      ],
      "accuracy_range": [
        0.966403162055336,
        1.0
      ],
      "mean_accuracy": 0.9916666666666667
    },
    "capital_world_results": {
      "filename": "capital_world_results.csv",
      "rows": 81768,
      "categories": [
        "capital-world"
      ],
      "measures": [
        "naive_cosine",
        "mahalanobis_cosine",
        "mahalanobis_shifted_cosine"
      ],
      "quantiles": [
        0.01,
        0.05,
        0.1,
        0.25,
        0.5
      ],
      "rcond_values": [
        0.0516864017866611,
        0.0569051824523585,
        0.0605962450895845,
        0.0686540719955395,
        0.0826811995261216
      ],
      "top_k_values": [
        1,
        3,
        5,
        10
      ],
      "accuracy_range": [
        0.8987707881417208,
        0.9833694866232828
      ],
      "mean_accuracy": 0.9551413755992568
    },
    "city_in_state_results": {
      "filename": "city_in_state_results.csv",
      "rows": 139800,
      "categories": [
        "city-in-state"
      ],
      "measures": [
        "naive_cosine",
        "mahalanobis_cosine",
        "mahalanobis_shifted_cosine"
      ],
      "quantiles": [
        0.01,
        0.05,
        0.1,
        0.25,
        0.5
      ],
      "rcond_values": [
        0.0516864017866611,
        0.0569051824523585,
        0.0605962450895845,
        0.0686540719955395,
        0.0826811995261216
      ],
      "top_k_values": [
        1,
        3,
        5,
        10
      ],
      "accuracy_range": [
        0.9060085836909872,
        0.9982832618025752
      ],
      "mean_accuracy": 0.9815879828326181
    },
    "currency_results": {
      "filename": "currency_results.csv",
      "rows": 7680,
      "categories": [
        "currency"
      ],
      "measures": [
        "naive_cosine",
        "mahalanobis_cosine",
        "mahalanobis_shifted_cosine"
      ],
      "quantiles": [
        0.01,
        0.05,
        0.1,
        0.25,
        0.5
      ],
      "rcond_values": [
        0.0516864017866611,
        0.0569051824523585,
        0.0605962450895845,
        0.0686540719955395,
        0.0826811995261216
      ],
      "top_k_values": [
        1,
        3,
        5,
        10
      ],
      "accuracy_range": [
        0.4296875,
        0.609375
      ],
      "mean_accuracy": 0.5330729166666667
    },
    "family_results": {
      "filename": "family_results.csv",
      "rows": 20520,
      "categories": [
        "family"
      ],
      "measures": [
        "naive_cosine",
        "mahalanobis_cosine",
        "mahalanobis_shifted_cosine"
      ],
      "quantiles": [
        0.01,
        0.05,
        0.1,
        0.25,
        0.5
      ],
      "rcond_values": [
        0.0516864017866611,
        0.0569051824523585,
        0.0605962450895845,
        0.0686540719955395,
        0.0826811995261216
      ],
      "top_k_values": [
        1,
        3,
        5,
        10
      ],
      "accuracy_range": [
        0.8245614035087719,
        1.0
      ],
      "mean_accuracy": 0.9585769980506823
    },
    "gram1_adjective_to_adverb_results": {
      "filename": "gram1_adjective_to_adverb_results.csv",
      "rows": 48720,
      "categories": [
        "gram1-adjective-to-adverb"
      ],
      "measures": [
        "naive_cosine",
        "mahalanobis_cosine",
        "mahalanobis_shifted_cosine"
      ],
      "quantiles": [
        0.01,
        0.05,
        0.1,
        0.25,
        0.5
      ],
      "rcond_values": [
        0.0516864017866611,
        0.0569051824523585,
        0.0605962450895845,
        0.0686540719955395,
        0.0826811995261216
      ],
      "top_k_values": [
        1,
        3,
        5,
        10
      ],
      "accuracy_range": [
        0.3608374384236453,
        0.7536945812807881
      ],
      "mean_accuracy": 0.5817118226600986
    },
    "gram2_opposite_results": {
      "filename": "gram2_opposite_results.csv",
      "rows": 22800,
      "categories": [
        "gram2-opposite"
      ],
      "measures": [
        "naive_cosine",
        "mahalanobis_cosine",
        "mahalanobis_shifted_cosine"
      ],
      "quantiles": [
        0.01,
        0.05,
        0.1,
        0.25,
        0.5
      ],
      "rcond_values": [
        0.0516864017866611,
        0.0569051824523583,
        0.0605962450895845,
        0.0686540719955395,
        0.0826811995261216
      ],
      "top_k_values": [
        1,
        3,
        5,
        10
      ],
      "accuracy_range": [
        0.4710526315789474,
        0.8078947368421052
      ],
      "mean_accuracy": 0.6725877192982456
    },
    "gram3_comparative_results": {
      "filename": "gram3_comparative_results.csv",
      "rows": 79920,
      "categories": [
        "gram3-comparative"
      ],
      "measures": [
        "naive_cosine",
        "mahalanobis_cosine",
        "mahalanobis_shifted_cosine"
      ],
      "quantiles": [
        0.01,
        0.05,
        0.1,
        0.25,
        0.5
      ],
      "rcond_values": [
        0.0516864017866611,
        0.0569051824523585,
        0.0605962450895845,
        0.0686540719955395,
        0.0826811995261216
      ],
      "top_k_values": [
        1,
        3,
        5,
        10
      ],
      "accuracy_range": [
        0.9069069069069068,
        0.9962462462462462
      ],
      "mean_accuracy": 0.9708833833833832
    },
    "gram4_superlative_results": {
      "filename": "gram4_superlative_results.csv",
      "rows": 38376,
      "categories": [
        "gram4-superlative"
      ],
      "measures": [
        "naive_cosine",
        "mahalanobis_cosine",
        "mahalanobis_shifted_cosine"
      ],
      "quantiles": [
        0.01,
        0.05,
        0.1,
        0.25,
        0.5
      ],
      "rcond_values": [
        0.0516864017866611,
        0.0569051824523585,
        0.0605962450895845,
        0.0686540719955395,
        0.0826811995261216
      ],
      "top_k_values": [
        1,
        3,
        5,
        10
      ],
      "accuracy_range": [
        0.7749287749287749,
        1.0
      ],
      "mean_accuracy": 0.9631540546174693
    },
    "gram5_present_participle_results": {
      "filename": "gram5_present_participle_results.csv",
      "rows": 52200,
      "categories": [
        "gram5-present-participle"
      ],
      "measures": [
        "naive_cosine",
        "mahalanobis_cosine",
        "mahalanobis_shifted_cosine"
      ],
      "quantiles": [
        0.01,
        0.05,
        0.1,
        0.25,
        0.5
      ],
      "rcond_values": [
        0.0516864017866611,
        0.0569051824523585,
        0.0605962450895845,
        0.0686540719955395,
        0.0826811995261216
      ],
      "top_k_values": [
        1,
        3,
        5,
        10
      ],
      "accuracy_range": [
        0.8666666666666667,
        0.9988505747126436
      ],
      "mean_accuracy": 0.9622413793103447
    },
    "gram6_nationality_adjective_results": {
      "filename": "gram6_nationality_adjective_results.csv",
      "rows": 73740,