{
  "merge_info": {
    "total_files_processed": 14,
    "successful_files": 14,
    "total_rows": 737688,
    "unique_categories": 14,
    "unique_measures": 3,
    "unique_param_combinations": 27
  },
  "dataset_metadata": {
    "capital_common_countries_results": {
      "filename": "capital_common_countries_results.csv",
      "rows": 30360,
      "categories": [
        "capital-common-countries"
      ],
      "measures": [
        "naive_cosine",
        "mahalanobis_cosine",
        "mahalanobis_shifted_cosine"
      ],
      "quantiles": [
        0.01,
        0.05,
        0.1,
        0.25,
        0.5
      ],
      "rcond_values": [
        0.0533190597753477,
        0.0586397710712938,
        0.062895842610093,
        0.0717256378744447,
        0.0868933860430244
      ],
      "top_k_values": [
        1,
        3,
        5,
        10
      ],
      "accuracy_range": [
        0.9071146245059288,
        1.0
      ],
      "mean_accuracy": 0.9714756258234519
    },
    "capital_world_results": {
      "filename": "capital_world_results.csv",
      "rows": 71556,
      "categories": [
        "capital-world"
      ],
      "measures": [
        "naive_cosine",
        "mahalanobis_cosine",
        "mahalanobis_shifted_cosine"
      ],
      "quantiles": [
        0.01,
        0.05,
        0.1,
        0.25,
        0.5
      ],
      "rcond_values": [
        0.0533190597753474,
        0.0586397710712939,
        0.0628958426100928,
        0.0717256378744447,
        0.0868933860430245
      ],
      "top_k_values": [
        1,
        3,
        5,
        10
      ],
      "accuracy_range": [
        0.8250180766449747,
        0.9816593886462882
      ],
      "mean_accuracy": 0.9153809603667058
    },
    "city_in_state_results": {
      "filename": "city_in_state_results.csv",
      "rows": 112488,
      "categories": [
        "city-in-state"
      ],
      "measures": [
        "naive_cosine",
        "mahalanobis_cosine",
        "mahalanobis_shifted_cosine"
      ],
      "quantiles": [
        0.01,
        0.05,
        0.1,
        0.25,
        0.5
      ],
      "rcond_values": [
        0.0533190597753477,
        0.0586397710712938,
        0.062895842610093,
        0.0717256378744447,
        0.0868933860430244
      ],
      "top_k_values": [
        1,
        3,
        5,
        10
      ],
      "accuracy_range": [
        0.8746781115879828,
        0.9901287553648068
      ],
      "mean_accuracy": 0.9512214636227866
    },
    "currency_results": {
      "filename": "currency_results.csv",
      "rows": 7680,
      "categories": [
        "currency"
      ],
      "measures": [
        "naive_cosine",
        "mahalanobis_cosine",
        "mahalanobis_shifted_cosine"
      ],
      "quantiles": [
        0.01,
        0.05,
        0.1,
        0.25,
        0.5
      ],
      "rcond_values": [
        0.0533190597753477,
        0.0586397710712938,
        0.062895842610093,
        0.0717256378744447,
        0.0868933860430244
      ],
      "top_k_values": [
        1,
        3,
        5,
        10
      ],
      "accuracy_range": [
        0.453125,
        0.5546875
      ],
      "mean_accuracy": 0.519140625
    },
    "family_results": {
      "filename": "family_results.csv",
      "rows": 20520,
      "categories": [
        "family"
      ],
      "measures": [
        "naive_cosine",
        "mahalanobis_cosine",
        "mahalanobis_shifted_cosine"
      ],
      "quantiles": [
        0.01,
        0.05,
        0.1,
        0.25,
        0.5
      ],
      "rcond_values": [
        0.0533190597753477,
        0.0586397710712938,
        0.062895842610093,
        0.0717256378744447,
        0.0868933860430244
      ],
      "top_k_values": [
        1,
        3,
        5,
        10
      ],
      "accuracy_range": [
        0.804093567251462,
        1.0
      ],
      "mean_accuracy": 0.9230019493177386
    },
    "gram1_adjective_to_adverb_results": {
      "filename": "gram1_adjective_to_adverb_results.csv",
      "rows": 48720,
      "categories": [
        "gram1-adjective-to-adverb"
      ],
      "measures": [
        "naive_cosine",
        "mahalanobis_cosine",
        "mahalanobis_shifted_cosine"
      ],
      "quantiles": [
        0.01,
        0.05,
        0.1,
        0.25,
        0.5
      ],
      "rcond_values": [
        0.0533190597753474,
        0.0586397710712939,
        0.0628958426100928,
        0.0717256378744447,
        0.0868933860430245
      ],
      "top_k_values": [
        1,
        3,
        5,
        10
      ],
      "accuracy_range": [
        0.4248768472906404,
        0.7536945812807881
      ],
      "mean_accuracy": 0.6005747126436781
    },
    "gram2_opposite_results": {
      "filename": "gram2_opposite_results.csv",
      "rows": 22800,
      "categories": [
        "gram2-opposite"
      ],
      "measures": [
        "naive_cosine",
        "mahalanobis_cosine",
        "mahalanobis_shifted_cosine"
      ],
      "quantiles": [
        0.01,
        0.05,
        0.1,
        0.25,
        0.5
      ],
      "rcond_values": [
        0.0533190597753474,
        0.0586397710712939,
        0.0628958426100928,
        0.0717256378744447,
        0.0868933860430245
      ],
      "top_k_values": [
        1,
        3,
        5,
        10
      ],
      "accuracy_range": [
        0.5157894736842106,
        0.8078947368421052
      ],
      "mean_accuracy": 0.6705263157894736
    },
    "gram3_comparative_results": {
      "filename": "gram3_comparative_results.csv",
      "rows": 79920,
      "categories": [
        "gram3-comparative"
      ],
      "measures": [
        "naive_cosine",
        "mahalanobis_cosine",
        "mahalanobis_shifted_cosine"
      ],
      "quantiles": [
        0.01,
        0.05,
        0.1,
        0.25,
        0.5
      ],
      "rcond_values": [
        0.0533190597753477,
        0.0586397710712938,
        0.062895842610093,
        0.0717256378744447,
        0.0868933860430244
      ],
      "top_k_values": [
        1,
        3,
        5,
        10
      ],
      "accuracy_range": [
        0.8971471471471472,
        0.9962462462462462
      ],
      "mean_accuracy": 0.9547922922922923
    },
    "gram4_superlative_results": {
      "filename": "gram4_superlative_results.csv",
      "rows": 27144,
      "categories": [
        "gram4-superlative"
      ],
      "measures": [
        "naive_cosine",
        "mahalanobis_cosine",
        "mahalanobis_shifted_cosine"
      ],
      "quantiles": [
        0.01,
        0.05,
        0.1,
        0.25,
        0.5
      ],
      "rcond_values": [
        0.0533190597753477,
        0.0586397710712938,
        0.062895842610093,
        0.0717256378744447,
        0.0868933860430244
      ],
      "top_k_values": [
        1,
        3,
        5,
        10
      ],
      "accuracy_range": [
        0.8025641025641026,
        1.0
      ],
      "mean_accuracy": 0.9541703507220749
    },
    "gram5_present_participle_results": {
      "filename": "gram5_present_participle_results.csv",
      "rows": 52200,
      "categories": [
        "gram5-present-participle"
      ],
      "measures": [
        "naive_cosine",
        "mahalanobis_cosine",
        "mahalanobis_shifted_cosine"
      ],
      "quantiles": [
        0.01,
        0.05,
        0.1,
        0.25,
        0.5
      ],
      "rcond_values": [
        0.0533190597753477,
        0.0586397710712938,
        0.062895842610093,
        0.0717256378744447,
        0.0868933860430244
      ],
      "top_k_values": [
        1,
        3,
        5,
        10
      ],
      "accuracy_range": [
        0.8482758620689655,
        0.9988505747126436
      ],
      "mean_accuracy": 0.9530459770114943
    },
    "gram6_nationality_adjective_results": {
      "filename": "gram6_nationality_adjective_results.csv",
      "rows": 73740,